Time [s],Channel 0,Channel 1
-13.018847333,0,0
-0.500486833,1,0
0.000000000,0,0
0.000033292,0,1
0.143819333,0,1